{
  "CHANGELOG.md": "1769341c29ea280576a04f470808690f",
  "CONTRIBUTING.md": "fc3b47688855a2dc1486aae9ca86d4e3",
  "CONTRIBUTORS.md": "9fe238dbf86940276151b28b279dab50",
  "Gemfile": "7732f749581c7fbdaf0b01cc721f246a",
  "Guardfile": "3886cf0104f5de976e3bcd3cfbaeff9d",
  "LICENSE": "e7fff5d8ca4f44f1279782ead2da5925",
  "README.md": "b10e86b9df192603805912fcf90d16fe",
  "Rakefile": "fe88ba96077891be771c9c6e7bc53256",
  "lib/facter/docker.rb": "87314503a8e8667bee6b15f6016f8c67",
  "lib/puppet/parser/functions/docker_exec_flags.rb": "c7ddf2120f31ce4a405d7e7a7b0450c2",
  "lib/puppet/parser/functions/docker_run_flags.rb": "793c9b6ccb3f83740b01125fb6609f2f",
  "lib/puppet/parser/functions/docker_secrets_flags.rb": "6c60c10ac6cd38c7a5a63e8d7906c31f",
  "lib/puppet/parser/functions/docker_service_flags.rb": "e8eab1ea2bfbd247f012a13eefaa277e",
  "lib/puppet/parser/functions/docker_stack_flags.rb": "aba885f74931a0904524d4ecd5552714",
  "lib/puppet/parser/functions/docker_swarm_init_flags.rb": "d919e65d05e52397e3ed4ccee211c6d5",
  "lib/puppet/parser/functions/docker_swarm_join_flags.rb": "3f63aa0c1ee73cbf5e6e0f767ef55d90",
  "lib/puppet/provider/docker_compose/ruby.rb": "26535db4fb75f0f1a29cda80bc09ff71",
  "lib/puppet/provider/docker_network/ruby.rb": "d4de6d41f1811757a77fc870842ce702",
  "lib/puppet/provider/docker_volume/ruby.rb": "398e0153751945281771c1410d2460fa",
  "lib/puppet/type/docker_compose.rb": "ff346f01ff8448308c380ed86e48da4b",
  "lib/puppet/type/docker_network.rb": "89221b39e4f5b72c76961d44bf095723",
  "lib/puppet/type/docker_volume.rb": "17a5587b2bf37b24425734f5fd4ad7b3",
  "manifests/compose.pp": "47179389900dd13fefdf6c12deff3455",
  "manifests/config.pp": "e0e444963094f5a3a0f8b9d353465f01",
  "manifests/exec.pp": "ed5bc62764faa2eef55c585da1077c31",
  "manifests/image.pp": "9f6de5e4613285a75de189066a6de950",
  "manifests/images.pp": "526d83a1aac20b37e9d3d492dd6d919e",
  "manifests/init.pp": "98f057232b4c11ff462e54d884fad220",
  "manifests/install.pp": "9475313050759e39b675aba83460c3e4",
  "manifests/networks.pp": "ef79956c99c607a5ae96e0c215d1a0f8",
  "manifests/params.pp": "01b6bbec2fa4b30d2553ca6533e2b69d",
  "manifests/registry.pp": "1a4b83fa625beef1cbe38eddbf5c31f0",
  "manifests/registry_auth.pp": "b6d8855349e7f1968246a2b8d877b5b6",
  "manifests/repos.pp": "5c235000d78be058f8e71294069befb7",
  "manifests/run.pp": "aee3c7699f229e551bf884a7347fe5dd",
  "manifests/run_instance.pp": "46aff869e6321273c4643dc8465219db",
  "manifests/secrets.pp": "c540b6023e9467742a39d21274be3780",
  "manifests/service.pp": "f3fc342966d58f22f2f7063281ac01d4",
  "manifests/services.pp": "812b365e8d0c67e397a3e12f7998e4eb",
  "manifests/stack.pp": "1f4dd9b6fd40b1cae4882042a30a69ed",
  "manifests/swarm.pp": "0839177059aba8ba313facda70a1698c",
  "manifests/system_user.pp": "95bebea805f4b9899b22a93970b4e5a7",
  "manifests/systemd_reload.pp": "574ebdd075be0b531e6fc9eabe5025d3",
  "manifests/volumes.pp": "dd8aaf641af7336665b86882c8cc6a2f",
  "metadata.json": "c474550c69e6b60fbceefa4a64ba2c56",
  "rakelib/acceptance.rake": "5f7404b9caed61c6a086592dab2729ac",
  "spec/acceptance/compose_spec.rb": "cdd25c3a341491173f4a38f430669d87",
  "spec/acceptance/compose_spec_v2.rb": "6d46082e06d4646641f61f1e335d32b0",
  "spec/acceptance/docker_full_spec.rb": "a6fbb1a3e9a078099fc6fd3a723563fc",
  "spec/acceptance/docker_spec.rb": "eb2c37cefc9a9555f27491167174d83e",
  "spec/acceptance/network_spec.rb": "d790d833c35d88c820c2d65f27a82353",
  "spec/acceptance/nodesets/default.yml": "d5a08dfee2c22645ccb16936d5969e67",
  "spec/acceptance/nodesets/pooler/centos7.yml": "7249f57ae838377c4230b70ea15b7094",
  "spec/acceptance/nodesets/pooler/rhel7.yml": "65779c06e9ae4689108f94af23a1cef5",
  "spec/acceptance/nodesets/pooler/ubuntu-1404.yml": "d71fe145c081ec3a64f1837f3385f516",
  "spec/acceptance/nodesets/pooler/ubuntu-1604.yml": "d5a08dfee2c22645ccb16936d5969e67",
  "spec/acceptance/nodesets/pooler/ubuntu-1610.yml": "0dbf98c1db10e29956069b2a4daa7af6",
  "spec/acceptance/nodesets/vagrant/centos-70-x64.yml": "d1cd6fce3c82ca79a11e0f67a2fdda8c",
  "spec/acceptance/nodesets/vagrant/debian-81-x64.yml": "1bdae3f091c07d7fefcf2e1b9a687194",
  "spec/acceptance/nodesets/vagrant/ubuntu-1404-x64.yml": "2b1dda37273da50d6eaa7605ed170f88",
  "spec/acceptance/nodesets/vagrant/ubuntu-1604-x64.yml": "a38cbc23599eb22c997cd5f41a5ec120",
  "spec/acceptance/volume_spec.rb": "1556cf16df60a144704cb42885d3c960",
  "spec/classes/compose_spec.rb": "ffa0f10ab6f82b50afd43c1e4f9641f7",
  "spec/classes/coverage_spec.rb": "c976704f4dc107fb0e6f7980ce99764a",
  "spec/classes/docker_spec.rb": "6f1f93a6012566d5524456d31895d60c",
  "spec/classes/system_reload_spec.rb": "0b26d52cc46ae01a016a6af2c80a96c7",
  "spec/defines/exec_spec.rb": "0982097bcb6d6efbca90dba84ebeb0c0",
  "spec/defines/image_spec.rb": "d46a759b82570be41ddf496b70ad3264",
  "spec/defines/registry_spec.rb": "ae598deefd5cdbf9c5b258100a110161",
  "spec/defines/run_spec.rb": "bca7c41ed6a6f79e281276ddbcdc7467",
  "spec/defines/secrets_spec.rb": "883a75afae29c3d62aefd55cf5ae2f1e",
  "spec/defines/services_spec.rb": "9655f60abe1eeac92222151e3143694a",
  "spec/defines/stack.rb": "dc07c4799c3415c1b490a75834337dc5",
  "spec/defines/swarm_spec.rb": "c3d903fbffc045e5945702e5a03b8566",
  "spec/defines/system_user_spec.rb": "fc6ff80b0ac2d28155e1a1b5ef3d10ec",
  "spec/fixtures/facts/docker_info": "0b6b98c81c1c717a962f7061e4873cc3",
  "spec/fixtures/facts/docker_network_inspect_bridge": "83f38ea2c0ccc962354231fc5d80e246",
  "spec/fixtures/facts/docker_network_inspect_dummyapp_default": "5acf5d67c3bc72edbdf03e06223148e5",
  "spec/fixtures/facts/docker_network_inspect_host": "d48cd91635a0dfa39e0998d7f135203e",
  "spec/fixtures/facts/docker_network_inspect_none": "4fd2f7675aab2317fe09a9d8797184f1",
  "spec/fixtures/facts/docker_network_list": "8c90693918804255ebb1c8b6a6b76b57",
  "spec/fixtures/facts/docker_version": "a9cf4ed433d40cfd34cf162e364e75e6",
  "spec/fixtures/facts/facts_with_compose": "43eca7108954cb12680d8036b11b5a95",
  "spec/fixtures/facts/facts_without_compose": "029b8b34bfcbc70f512128af12b7f513",
  "spec/fixtures/facts/processors": "03d54f1eb3d917a95dbcad849b64622a",
  "spec/spec_helper.rb": "00c9098d929e179c6c804e2e563101de",
  "spec/spec_helper_acceptance.rb": "2136b624983b428f332e8a51f8982252",
  "spec/unit/compose_spec.rb": "816eae7641eff00a95d9226ed4959255",
  "spec/unit/docker_compose_spec.rb": "ec0f99be69728195bed023bfae02328b",
  "spec/unit/docker_facts_spec.rb": "eeb97f9ee29224839ba49a469bde0ac9",
  "spec/unit/docker_network_spec.rb": "6a49a6ad00b96e34bef1afc7ca1d6466",
  "spec/unit/docker_volume_spec.rb": "24be8882d182132ffb7d569b2e93e576",
  "tasks/swarm_init.json": "706123cbab43acbfac72da726cd83c61",
  "tasks/swarm_init.rb": "5f0e2d0678ac70e82f7b53608ae9908c",
  "tasks/swarm_join.json": "73882c4678c7205e068ac3b96b1b8373",
  "tasks/swarm_join.rb": "5f24480cfa7fa85d9b11d43811159754",
  "tasks/swarm_leave.json": "b53d0b7f0bf692a81c362d0baf50d920",
  "tasks/swarm_leave.rb": "cf7ec4a0691b7c06a6cd8f0c82a44a00",
  "tasks/swarm_token.json": "211408f1336f3dfc363b0752475bb445",
  "tasks/swarm_token.rb": "d7ddcb2baf4a56d050e2dce58aaf18bd",
  "tasks/swarm_update.json": "329da5db1eb04c5a1ebb71d247043c9c",
  "tasks/swarm_update.rb": "5088d47874b2ce6a4e9c62b763030947",
  "templates/etc/conf.d/docker.erb": "411e7b3c438b535c437f08179aa811c8",
  "templates/etc/conf.d/docker.gentoo.erb": "93368ac43085dca53aa9ccab6002cf59",
  "templates/etc/default/docker.erb": "10495862c87e0af3626bfa98c233bb81",
  "templates/etc/init.d/docker-run.erb": "42bc90a5b6937a41d978f6f5b674680e",
  "templates/etc/sysconfig/docker-storage-setup.erb": "258a17ec46b3a60e0e558000bfb6af30",
  "templates/etc/sysconfig/docker-storage.erb": "7e1c985c056fc1c30e526436711fbcca",
  "templates/etc/sysconfig/docker.erb": "37aa878a63e242e150f3ae6855ceb793",
  "templates/etc/sysconfig/docker.systemd.erb": "51f604a5cb826142e5dd073434882e3c",
  "templates/etc/systemd/system/docker-run.erb": "e130aa8d917b18b606d729292cc6cba9",
  "templates/etc/systemd/system/docker.service.d/service-overrides-debian.conf.erb": "5dda7bfec6840bd0e2b791b2078e7a82",
  "templates/etc/systemd/system/docker.service.d/service-overrides-rhel.conf.erb": "e2bf2a1b710280611fa3c1f21bcaac5e",
  "templates/update_docker_image.sh.erb": "fc759dcba7e4aac4f3b87f95e4c96bb9"
}