{
  "CHANGELOG.md": "210cb579a20941c360dc6897e74952ac",
  "CONTRIBUTING.md": "4d17f3c942e7c93d1577cc4438a231e4",
  "Gemfile": "47f2bb73e730d42a921e7bca4449f5aa",
  "LICENSE": "3b83ef96387f14655fc854ddc3c6bd57",
  "MAINTAINERS.md": "35674b233c6d12c0f56ee8afbdae29e4",
  "NOTICE": "9533d13591355591f69619be28e9cfce",
  "README.md": "8bd71b883c237bda10a1f345fddbc78c",
  "Rakefile": "df4172642435e770c27019d9d15d59bd",
  "examples/backports.pp": "af57ea62ed1b73f540858e00327e6517",
  "examples/builddep.pp": "eddb8b7d7c0ef7383d85a74c1cd0de3f",
  "examples/debian_testing.pp": "2e50a41180e2afeac2de15ade05ddaa1",
  "examples/debian_unstable.pp": "82890803cc4423443db8f40353e16262",
  "examples/disable_keys.pp": "3d4e7ac49946d961ff51a719ee713293",
  "examples/fancy_progress.pp": "9a55d4ea52be4ebd670befff7ca3b87f",
  "examples/force.pp": "f71857eba704a0eb3d8d6b146e80da6d",
  "examples/hold.pp": "5e58e0a30d6407a05691d96c7647ae14",
  "examples/key.pp": "d85507365bd2753e14e04c344c2f7703",
  "examples/pin.pp": "4b4c3612d75a19dba8eb7227070fa4ab",
  "examples/ppa.pp": "b902cce8159128b5e8b21bed540743ff",
  "examples/release.pp": "2bc960babf8c4dd24b7ffa4220a601f8",
  "examples/source.pp": "c79817e129305f86a495f7558de3d3ec",
  "examples/unattended_upgrades.pp": "e7a797388ef03077f110f4f268f5ecd1",
  "lib/facter/apt_reboot_required.rb": "e7dbcd3849c380cdd08dbc866079c211",
  "lib/facter/apt_update_last_success.rb": "f259aac4abdf82c1c6f13e0031bf551a",
  "lib/facter/apt_updates.rb": "3c71621f2b03075187c512c42add634b",
  "lib/puppet/provider/apt_key/apt_key.rb": "69c1c1861111471ff14f8176505a8697",
  "lib/puppet/type/apt_key.rb": "af34d8297da8013b1dd1e21e951d646f",
  "locales/config.yaml": "bda37c45d7414bd4e2a6e1c01044e2e6",
  "manifests/backports.pp": "2ec31325c4ab15271b9670049d6798d5",
  "manifests/conf.pp": "e040cbed191ca66294d7f88ba7c29035",
  "manifests/init.pp": "320d40323654450113c2072f4b5be169",
  "manifests/key.pp": "96d07fbb816d37fe225a07ca7e409a6d",
  "manifests/params.pp": "bdd14319baf4293d476d53ded19cf8cd",
  "manifests/pin.pp": "f54f1c6cee012103960f21d411f91f77",
  "manifests/ppa.pp": "5c05b41477ba7613af1855ec38be5971",
  "manifests/setting.pp": "fd82a93821ce14d1be631ef7eb972a97",
  "manifests/source.pp": "3d4c5f4f17062189f5316fec3b2cbd77",
  "manifests/update.pp": "78b7f698a8cee3b86906e7c5cfe115f7",
  "metadata.json": "6e8bb0ed4641e19e6d4e46e6c4dbb7b3",
  "spec/acceptance/apt_key_provider_spec.rb": "3ca9408fa41dd5beea68282b13866ccc",
  "spec/acceptance/apt_spec.rb": "8fb011463609160a6a57e2ffa5627671",
  "spec/acceptance/class_spec.rb": "b63ac7a092085ee607aa74c55963004f",
  "spec/acceptance/init_task_spec.rb": "0a9d390d5e801bf0ac5be96a3d90c2b4",
  "spec/acceptance/nodesets/centos-7-x64.yml": "a713f3abd3657f0ae2878829badd23cd",
  "spec/acceptance/nodesets/debian-8-x64.yml": "d2d2977900989f30086ad251a14a1f39",
  "spec/acceptance/nodesets/default.yml": "b42da5a1ea0c964567ba7495574b8808",
  "spec/acceptance/nodesets/docker/centos-7.yml": "8a3892807bdd62306ae4774f41ba11ae",
  "spec/acceptance/nodesets/docker/debian-8.yml": "ac8e871d1068c96de5e85a89daaec6df",
  "spec/acceptance/nodesets/docker/ubuntu-14.04.yml": "dc42ee922a96908d85b8f0f08203ce58",
  "spec/classes/apt_backports_spec.rb": "67b53fc63b82de28fdd4b7bba653bf61",
  "spec/classes/apt_spec.rb": "0b10725314a439d2894fd861eb2acaa1",
  "spec/classes/apt_update_spec.rb": "bd7c58cf878c2781f4a01fd2f27f3a36",
  "spec/defines/conf_spec.rb": "f5bdeb742fbb63f1f2b4540d6b184bcb",
  "spec/defines/key_compat_spec.rb": "265b1b8e50d408a8aed79b60ea7094f0",
  "spec/defines/key_spec.rb": "60098bfb8ac33968448441fb89d1a989",
  "spec/defines/pin_spec.rb": "0c5d2575b3b1b8c9e3a38779863299a4",
  "spec/defines/ppa_spec.rb": "205e53544380679fab739ed5fa6c32f5",
  "spec/defines/setting_spec.rb": "8da56cd826a127fd8e390eb7b4e53caf",
  "spec/defines/source_compat_spec.rb": "65a508f640f5333bbe0da6bdebeb8e42",
  "spec/defines/source_spec.rb": "47f8ff347d797347927cb3014c1bfdae",
  "spec/spec_helper.rb": "898577ed31fbf848330924de64091e60",
  "spec/spec_helper_acceptance.rb": "8b2ab6fb6bd01d92375fbda13d22a018",
  "spec/unit/facter/apt_dist_has_updates_spec.rb": "6b85d39d586e7654ad2f0ee3af5a2787",
  "spec/unit/facter/apt_dist_package_security_updates_spec.rb": "577b2cd23942bbe67d3a2705d33408dc",
  "spec/unit/facter/apt_dist_package_updates_spec.rb": "063821fc13e3b217a853577b6a94a224",
  "spec/unit/facter/apt_dist_security_updates_spec.rb": "393a47f50ff6c43aa6ba80d7848cd96a",
  "spec/unit/facter/apt_dist_updates_spec.rb": "f96e477aa5c6fd913c2352dba8f40b53",
  "spec/unit/facter/apt_has_updates_spec.rb": "cdc8486f14c4c3f35df0c38c2cc72c83",
  "spec/unit/facter/apt_package_security_updates_spec.rb": "a0c7f61456fce4b0518b52604ca6342c",
  "spec/unit/facter/apt_package_updates_spec.rb": "62708ded28f92c049a38ededa61a7d77",
  "spec/unit/facter/apt_reboot_required_spec.rb": "80e860984fc538bede7a2c24625ee234",
  "spec/unit/facter/apt_security_updates_spec.rb": "a6d6985e4dcce5839119618d91726c64",
  "spec/unit/facter/apt_update_last_success_spec.rb": "0e6cf8b5bec4d91ccfe4b83d088a5b10",
  "spec/unit/facter/apt_updates_spec.rb": "6d3fb0763e8133b014838f504ce26f08",
  "spec/unit/puppet/type/apt_key_spec.rb": "2c2de871e2ddd556c0676f45cddd8e68",
  "tasks/init.json": "f6aed51e207a15340d5258d1fab47a69",
  "tasks/init.rb": "329cc4a36f89db4f2485884421af025b",
  "templates/15update-stamp.epp": "b9de0ac9e2c9854b1bb213e362dc4e41",
  "templates/_conf_header.epp": "6f3077f2eabd3e929a44d55bc1c5446e",
  "templates/_header.epp": "9300ac105fe777787ac9e793b8df8d25",
  "templates/pin.pref.epp": "ab7a64e3779f93028fe965a6393fad74",
  "templates/proxy.epp": "7353f09fa5fdb1819517446ec58c9ad5",
  "templates/source.list.epp": "c32995778d056f204d51a6d79505a5aa"
}