{
  "CHANGELOG.md": "4a43829ae1cb978a1fae7b7039d5f47f",
  "CONTRIBUTING.md": "4d17f3c942e7c93d1577cc4438a231e4",
  "Gemfile": "99e30e5e231f5f2b460b812c37d084f7",
  "LICENSE": "3b83ef96387f14655fc854ddc3c6bd57",
  "MAINTAINERS.md": "b40ec4f2c16145af6f723c2c34bb2ff9",
  "NOTICE": "b2e552587e5969886fdd60481e8b0351",
  "README.md": "b1bacffcbe7de5c5d43ebe3aee66d86b",
  "README_DEVELOPER.markdown": "220a8b28521b5c5d2ea87c4ddb511165",
  "README_SPECS.markdown": "82bb4c6abbb711f40778b162ec0070c1",
  "RELEASE_PROCESS.markdown": "94b92bc99ac4106ba1a74d5c04e520f9",
  "Rakefile": "3851f083966b9bbd6d46e50dba5aa52a",
  "appveyor.yml": "5bad9cb8e861bca53eeea6247eec5c60",
  "examples/file_line.pp": "d8126b139dd1dce21ff26910d1c5a245",
  "examples/has_interface_with.pp": "d69d520cf3ff4d0b495480afaca359ef",
  "examples/has_ip_address.pp": "32f42575e49aa66f0f2398a70ae2a9f4",
  "examples/has_ip_network.pp": "bfb8db068c58d77c4dd7ae9697536537",
  "examples/init.pp": "b52fd907330ddbd9c3e070cf39f7b317",
  "lib/facter/facter_dot_d.rb": "6f1934f8e129e77a0ed86c9da1174422",
  "lib/facter/package_provider.rb": "12d57e65f9b90c13e7808c347fbdc0b0",
  "lib/facter/pe_version.rb": "245bb8ea121e8a55e1a38668cc480530",
  "lib/facter/puppet_settings.rb": "d86bacf2b962a4744b701868cda31729",
  "lib/facter/root_home.rb": "b384092f0470b9e2177edaf546de2ec1",
  "lib/facter/service_provider.rb": "66cc42526eae631e306b397391f1f01c",
  "lib/facter/util/puppet_settings.rb": "f69007bcc02031cd772fa7f2dffa3c0c",
  "lib/puppet/functions/deprecation.rb": "705115a036e0235840db59cf9f4c17fe",
  "lib/puppet/functions/fact.rb": "5879006198f1f4106acfe13422087d56",
  "lib/puppet/functions/is_a.rb": "5a61d6a34ef45d7a5490455f334ef48a",
  "lib/puppet/functions/is_absolute_path.rb": "0806756fc12b1fc752d1b54e81b15832",
  "lib/puppet/functions/is_array.rb": "4d5c8d6af4e481ebb42f73b6504685c8",
  "lib/puppet/functions/is_bool.rb": "9ae803c605c5ed057508c6501ef1a47f",
  "lib/puppet/functions/is_float.rb": "ebe18dc0096233fcd555423761fc29f2",
  "lib/puppet/functions/is_ip_address.rb": "ab9a1c6172db59cc15023f220853e2f2",
  "lib/puppet/functions/is_ipv4_address.rb": "dec325b5911ce409b16c643697a13822",
  "lib/puppet/functions/is_ipv6_address.rb": "f4864fee72c42bd3e40914768fb10f8e",
  "lib/puppet/functions/is_numeric.rb": "970d785070eaa02bcac3e0589a8d5e7f",
  "lib/puppet/functions/is_string.rb": "5aa459896fda1782f74752a1d324f048",
  "lib/puppet/functions/length.rb": "3f6b0510bfe134241e4529d3f1a5318d",
  "lib/puppet/functions/sprintf_hash.rb": "50fc7c6e57c098b7e6a594e1fd0d9904",
  "lib/puppet/functions/to_json.rb": "bb6893a3e9eb6c48064c5a3c0bd4a41a",
  "lib/puppet/functions/to_json_pretty.rb": "61ff20121b4c09987eadf3242b6231cf",
  "lib/puppet/functions/to_yaml.rb": "0358dfd97b9a051e15046c6842b327be",
  "lib/puppet/functions/type_of.rb": "4ee9c082047c08b8b1a82bc0bef8fd78",
  "lib/puppet/functions/validate_absolute_path.rb": "556b0e3de450f03d724747d7d3825309",
  "lib/puppet/functions/validate_array.rb": "efe329c6c8f65fce1ae2560fa5751530",
  "lib/puppet/functions/validate_bool.rb": "5516a0f2efb48eeb4460fc713c6f9521",
  "lib/puppet/functions/validate_hash.rb": "ce99bea6e1ee4da1a67b53b3ce06ce96",
  "lib/puppet/functions/validate_integer.rb": "c028b299f194c221002ba442077e9209",
  "lib/puppet/functions/validate_ip_address.rb": "278f3e0ea96b4b31e7b85c13887079b6",
  "lib/puppet/functions/validate_ipv4_address.rb": "bd015492af1f3c4bef7ac780ae1c7e61",
  "lib/puppet/functions/validate_ipv6_address.rb": "5144a327b6850ed5b7fb26fa37113353",
  "lib/puppet/functions/validate_legacy.rb": "789bdef436873b6fcc8205c6d2270e43",
  "lib/puppet/functions/validate_numeric.rb": "2bd2733f44749e0e56940ceaf5d8e2f8",
  "lib/puppet/functions/validate_re.rb": "12c3412a7383b1d258dba5d4307e9464",
  "lib/puppet/functions/validate_slength.rb": "1fc441736085bd0b5c7862f5dc9f839a",
  "lib/puppet/functions/validate_string.rb": "c0fe867d3b5f8fbcaa3641f0f393a669",
  "lib/puppet/parser/functions/abs.rb": "176df45128a7b89c9ec6a6c6918d8c30",
  "lib/puppet/parser/functions/any2array.rb": "60cdb0bdfabff0115e74eda31c5c869b",
  "lib/puppet/parser/functions/any2bool.rb": "0a6ae581e5d9b611785b4cf439bdecc3",
  "lib/puppet/parser/functions/assert_private.rb": "c61884d43ebdb5ee5a5aa1507165084a",
  "lib/puppet/parser/functions/base64.rb": "6216cc60b71949724e21b0be4dbac316",
  "lib/puppet/parser/functions/basename.rb": "6b0dc955024352c8007d175f900dba36",
  "lib/puppet/parser/functions/bool2num.rb": "bfeeac22e909c76dc5a0d55441f39a27",
  "lib/puppet/parser/functions/bool2str.rb": "e9e1c441e3b3c51b8b0734d12e9a63a5",
  "lib/puppet/parser/functions/camelcase.rb": "13f3125b1bcb6ce7794385aea6cbc4c0",
  "lib/puppet/parser/functions/capitalize.rb": "0a039c4bcd3a73dab80b389332457f0d",
  "lib/puppet/parser/functions/ceiling.rb": "c4af0da229909c00b2adda7bdd3f0d93",
  "lib/puppet/parser/functions/chomp.rb": "ebb5eb5e2020ec84c00477777f29b6bc",
  "lib/puppet/parser/functions/chop.rb": "6a7d4154b326e84e478eb4a17aa55e74",
  "lib/puppet/parser/functions/clamp.rb": "eeaed011946f4dec98870815e7c1657c",
  "lib/puppet/parser/functions/concat.rb": "02a6ba0560a005b5f92aec096ce26e09",
  "lib/puppet/parser/functions/convert_base.rb": "438da17946864b835e38155b8f72a184",
  "lib/puppet/parser/functions/count.rb": "0241b1bd0bc8de6426b7d077a54f56fe",
  "lib/puppet/parser/functions/deep_merge.rb": "fae771cff4fc1d6c639bea1672e05c9c",
  "lib/puppet/parser/functions/defined_with_params.rb": "0e2a92b10efb6c502df6a52f35cf7983",
  "lib/puppet/parser/functions/delete.rb": "ec0bb949e24d1b9ca6c749af0ab18de9",
  "lib/puppet/parser/functions/delete_at.rb": "4a6bde67835592dafa48bca7bb8af939",
  "lib/puppet/parser/functions/delete_regex.rb": "ee86f13f796e61e41c62ee91f8349735",
  "lib/puppet/parser/functions/delete_undef_values.rb": "247a52c41dc02375b50ac3c1791f4c09",
  "lib/puppet/parser/functions/delete_values.rb": "0a979383ac73e1bf82278e0eb104842c",
  "lib/puppet/parser/functions/deprecation.rb": "9f935fec2f9f0d01394292eb6f21bd7d",
  "lib/puppet/parser/functions/difference.rb": "e3d3006b7f50fc0fad1616ec53f21614",
  "lib/puppet/parser/functions/dig.rb": "d315de1659a037430fea9623bff323a6",
  "lib/puppet/parser/functions/dig44.rb": "7fd98588061cbc401f83d463332dac72",
  "lib/puppet/parser/functions/dirname.rb": "240597e264df02effa454cf9cb8bb9e7",
  "lib/puppet/parser/functions/dos2unix.rb": "ab2f9f280c616be55f58903948e226a2",
  "lib/puppet/parser/functions/downcase.rb": "3e6b908548607a55ee426e8be16fb46c",
  "lib/puppet/parser/functions/empty.rb": "f9dcb1b4cb0abb671294d5283e673ee5",
  "lib/puppet/parser/functions/enclose_ipv6.rb": "89c728eb11f71ed9390664bad9732328",
  "lib/puppet/parser/functions/ensure_packages.rb": "a0b4bdc14613d4b8c396b4e02a1aa33d",
  "lib/puppet/parser/functions/ensure_resource.rb": "2915c77baa0d45531912613dd1cac902",
  "lib/puppet/parser/functions/ensure_resources.rb": "805d56e894c9dcca2595464fa87a7c56",
  "lib/puppet/parser/functions/flatten.rb": "54fd2d9d7bc7cd4f9889554da6094dd8",
  "lib/puppet/parser/functions/floor.rb": "f0a70977110525dc4aa6b109db9ff9e4",
  "lib/puppet/parser/functions/fqdn_rand_string.rb": "731365381b6a28a196e108329e16c6c2",
  "lib/puppet/parser/functions/fqdn_rotate.rb": "3925369078084f98f9b527d25cc9e4d2",
  "lib/puppet/parser/functions/fqdn_uuid.rb": "adbd60dbcc561c8586567a6e58abec82",
  "lib/puppet/parser/functions/get_module_path.rb": "e141ce049d4ace6d12b50d6b171b029c",
  "lib/puppet/parser/functions/getparam.rb": "84c7358b24f0a5e45c1ad523c196817e",
  "lib/puppet/parser/functions/getvar.rb": "835e6b79e209a541e125cdaddefb3396",
  "lib/puppet/parser/functions/glob.rb": "f8177554be6da357b0822edaa7eb8d14",
  "lib/puppet/parser/functions/grep.rb": "b2e7e32188a1cb4f1dafa375ba9b8b14",
  "lib/puppet/parser/functions/has_interface_with.rb": "422015811c5b7c0656b83eaea3b8fdcc",
  "lib/puppet/parser/functions/has_ip_address.rb": "fc76c9a87145560f58a4ae9a6d9df444",
  "lib/puppet/parser/functions/has_ip_network.rb": "b1bb1868e6fef95f8ae840d420ab0816",
  "lib/puppet/parser/functions/has_key.rb": "572f8a648c74c0b774718991a88adc56",
  "lib/puppet/parser/functions/hash.rb": "5730e6a297b9064c12d3484a2ae31010",
  "lib/puppet/parser/functions/intersection.rb": "6436444eb8585ee71cfd5bd1e0802026",
  "lib/puppet/parser/functions/is_absolute_path.rb": "268600b66670a29690be009d45013d42",
  "lib/puppet/parser/functions/is_array.rb": "0e425e55c8ce9cc5e327d53d114391ba",
  "lib/puppet/parser/functions/is_bool.rb": "4e021a5143c2c98b31344acceda5fbe2",
  "lib/puppet/parser/functions/is_domain_name.rb": "1abf04d1d57de6f7f630045c0efe5e4c",
  "lib/puppet/parser/functions/is_email_address.rb": "d11c644fa1bd73f8e1d36c4f9e67272e",
  "lib/puppet/parser/functions/is_float.rb": "b95a00f15242e3f26a5cf129db7d31e5",
  "lib/puppet/parser/functions/is_function_available.rb": "3bb60da5789493da017f84d48ac46f08",
  "lib/puppet/parser/functions/is_hash.rb": "3f74a7e9b6e47b834c4ad58939c27eab",
  "lib/puppet/parser/functions/is_integer.rb": "e3480725fccac1c7eba28162dc62393d",
  "lib/puppet/parser/functions/is_ip_address.rb": "3616dacf58febcd4944945d3c2647efe",
  "lib/puppet/parser/functions/is_ipv4_address.rb": "7930d25d23d92f0e5cb81f93315cea16",
  "lib/puppet/parser/functions/is_ipv6_address.rb": "c206564af3a738e504afca2284497d3c",
  "lib/puppet/parser/functions/is_mac_address.rb": "b75e440d5594b879b70cf034fc52cd51",
  "lib/puppet/parser/functions/is_numeric.rb": "4bd1a47192ce4040810819789fbf3147",
  "lib/puppet/parser/functions/is_string.rb": "cf06fecd6147bea77d406a189b649f81",
  "lib/puppet/parser/functions/join.rb": "aed0b418cc216d86f3beaa5f2302279b",
  "lib/puppet/parser/functions/join_keys_to_values.rb": "4bf76a405f2b85ea80330563d0c110ac",
  "lib/puppet/parser/functions/keys.rb": "d65816215c6c7736bcfe393e7d9d3bf4",
  "lib/puppet/parser/functions/load_module_metadata.rb": "4972bafc84e5b7ce4a00cbee21aece18",
  "lib/puppet/parser/functions/loadjson.rb": "b6e43c28dee4a74a7312af41393d09de",
  "lib/puppet/parser/functions/loadyaml.rb": "9066804fd56894210d4d064aab9df406",
  "lib/puppet/parser/functions/lstrip.rb": "de231169f63d922b72b754521488bca5",
  "lib/puppet/parser/functions/max.rb": "3406e6e1da36ed126ca7a359dbbcbb23",
  "lib/puppet/parser/functions/member.rb": "4f8639d96fbd17cd194224794dd9f279",
  "lib/puppet/parser/functions/merge.rb": "e867f9f9340d7bf5b85141d2f7ec2392",
  "lib/puppet/parser/functions/min.rb": "6243d16650b1787f017f587b5be276f3",
  "lib/puppet/parser/functions/num2bool.rb": "35f42a4339b34d0b1efc6a6c3b2d3b69",
  "lib/puppet/parser/functions/parsejson.rb": "fee0dc33cd6e18b0d9a5fe8befb66cd2",
  "lib/puppet/parser/functions/parseyaml.rb": "f4b67d011970c1799bc6fb36a3caf1f2",
  "lib/puppet/parser/functions/pick.rb": "4a4ba9288a233a4bcdbdc59ecac80be0",
  "lib/puppet/parser/functions/pick_default.rb": "6b0ccac1913a85e540a3de20c6a88096",
  "lib/puppet/parser/functions/prefix.rb": "3d268ec646255199ade4b01b719a59ed",
  "lib/puppet/parser/functions/private.rb": "a1f44a1c32da00aa14f474f4f303be87",
  "lib/puppet/parser/functions/pry.rb": "970544bf6308b7b6902b936063a45109",
  "lib/puppet/parser/functions/pw_hash.rb": "07fea662493e5b2ffcf37dbb4c4e74b9",
  "lib/puppet/parser/functions/range.rb": "60d786031129d4a495a67468d4b5219d",
  "lib/puppet/parser/functions/regexpescape.rb": "0aed670f7e43c11900e6fdc4622f137e",
  "lib/puppet/parser/functions/reject.rb": "31f5f65be6f710d6856ffce75c432271",
  "lib/puppet/parser/functions/reverse.rb": "3f96ffed2afe4987da5039de2d56f38b",
  "lib/puppet/parser/functions/round.rb": "287db8b83f3bc6652eb042682f8be698",
  "lib/puppet/parser/functions/rstrip.rb": "5042d02e81ac59068d87a2b54c784cce",
  "lib/puppet/parser/functions/seeded_rand.rb": "4f45ef0723411ff8281aaf093f0fabc2",
  "lib/puppet/parser/functions/shell_escape.rb": "6e51793b8483eb6bfc4be98b438fd47e",
  "lib/puppet/parser/functions/shell_join.rb": "4fbe23ff73932f65db696f106517887e",
  "lib/puppet/parser/functions/shell_split.rb": "cb851119ee167ccb12930c53e94333cc",
  "lib/puppet/parser/functions/shuffle.rb": "6b16497151e961fbdb6e00ec70d6bbe9",
  "lib/puppet/parser/functions/size.rb": "05cbf180420e3a3e2e5aa5be157c6951",
  "lib/puppet/parser/functions/sort.rb": "20fa47c2ccde4b37626e8d3995503f02",
  "lib/puppet/parser/functions/squeeze.rb": "e42e1d5ec9a23443d14ff07512fd695f",
  "lib/puppet/parser/functions/str2bool.rb": "b82d971cc305a19b26089cc4fd566eb0",
  "lib/puppet/parser/functions/str2saltedsha512.rb": "d4443e8985b4ce6f6e925c6f46d8456c",
  "lib/puppet/parser/functions/strftime.rb": "62b13548cc3b28b1609b7b4bd966f666",
  "lib/puppet/parser/functions/strip.rb": "ec030431f8ec17e285f18a6f60b7f269",
  "lib/puppet/parser/functions/suffix.rb": "4eff1920b75829e32fb2c2ee4aab8a24",
  "lib/puppet/parser/functions/swapcase.rb": "d1a53787b35ae9a5a643c49f4e0975a8",
  "lib/puppet/parser/functions/time.rb": "cd31abf40b4e4e22b9de8b6b27ec1a50",
  "lib/puppet/parser/functions/to_bytes.rb": "55a65ad70ea78983e7c1d6d565094c1f",
  "lib/puppet/parser/functions/try_get_value.rb": "b039b960b07a21b935baf6c78fb94612",
  "lib/puppet/parser/functions/type.rb": "857348edb913cdc4f25b2169994984cf",
  "lib/puppet/parser/functions/type3x.rb": "22c902213365c39919625d1a33d5abff",
  "lib/puppet/parser/functions/union.rb": "690e5c15a1e7b95ab4b90ee18eb48f81",
  "lib/puppet/parser/functions/unique.rb": "e448da2c183c0e19bd6e64bc423a749f",
  "lib/puppet/parser/functions/unix2dos.rb": "0aa6e66d1c47ca0bb417e248b01f6f1b",
  "lib/puppet/parser/functions/upcase.rb": "b0ed0e1ada21b9d73a00043146254335",
  "lib/puppet/parser/functions/uriescape.rb": "53db01a86b72159638fe81fe9af1745f",
  "lib/puppet/parser/functions/validate_absolute_path.rb": "892faf0e74b99b11190ec7fc4b78a893",
  "lib/puppet/parser/functions/validate_array.rb": "9518be91bab77e56be711d1498d119b9",
  "lib/puppet/parser/functions/validate_augeas.rb": "c5bbf1bc42b7ea024e48ab12b46f55e9",
  "lib/puppet/parser/functions/validate_bool.rb": "bea67f1a0f5fc23ee8b632000cfa63db",
  "lib/puppet/parser/functions/validate_cmd.rb": "dbb22e68eca3f6be63fb49b465b1d611",
  "lib/puppet/parser/functions/validate_domain_name.rb": "04f4b1d0be9a8a12d278f0b044f78427",
  "lib/puppet/parser/functions/validate_email_address.rb": "6dc01f14c43fdff19106a2388d01b51a",
  "lib/puppet/parser/functions/validate_hash.rb": "80f7cfb430818e1497d3b12769d8f9c4",
  "lib/puppet/parser/functions/validate_integer.rb": "edb176a717c4af6cd50d2d26e4da149d",
  "lib/puppet/parser/functions/validate_ip_address.rb": "55d0f019803d687bf95bcc64e8751ba5",
  "lib/puppet/parser/functions/validate_ipv4_address.rb": "94843b876cc92414b29223f7ac3cc3b6",
  "lib/puppet/parser/functions/validate_ipv6_address.rb": "6c10396f466f64a6f897d1be4291dd4a",
  "lib/puppet/parser/functions/validate_numeric.rb": "092cce5ed9d3a73319c48cdf9a2a822e",
  "lib/puppet/parser/functions/validate_re.rb": "df6a2cc342dad63d008ef257fde9038a",
  "lib/puppet/parser/functions/validate_slength.rb": "b20959e080f36bf320eacb472d125741",
  "lib/puppet/parser/functions/validate_string.rb": "0239e1697134605a6385ff8c9bdc066b",
  "lib/puppet/parser/functions/validate_x509_rsa_key_pair.rb": "b16e5ebaeb497e1639c7bf78d61c2b45",
  "lib/puppet/parser/functions/values.rb": "94ac0ce49d09256677f6adddd40be129",
  "lib/puppet/parser/functions/values_at.rb": "72d780badb5f600dbd6b9ca3271ee12f",
  "lib/puppet/parser/functions/zip.rb": "aef1ee868716d07b01e605ae6c4741cc",
  "lib/puppet/provider/file_line/ruby.rb": "06dd4b2bd0037fcdc8382fcd4214dda3",
  "lib/puppet/type/anchor.rb": "95867e600863019b08990277c4254cac",
  "lib/puppet/type/file_line.rb": "208655541a332e54e2d9abac0e328d33",
  "locales/config.yaml": "d3795b3334faf13674a5d1e3759064ac",
  "locales/ja/puppetlabs-stdlib.po": "805e5d893d2025ad57da8ec0614a6753",
  "locales/puppetlabs-stdlib.pot": "23c892ac0683aef4b09aabe0037750ae",
  "manifests/init.pp": "9560a09f657d7eebbfdb920cefcc1d4f",
  "manifests/stages.pp": "72eb4fa624474faf23b39e57cf1590bd",
  "metadata.json": "87dc8a91ae42c225005435e131264603",
  "readmes/README_ja_JP.md": "978d15a5afefe82cf56b26147f642989",
  "spec/acceptance/abs_spec.rb": "7715ab973d77565334ef04d2945e840f",
  "spec/acceptance/anchor_spec.rb": "96b18124a8bd485928ef49ac82072789",
  "spec/acceptance/any2array_spec.rb": "afb6dcad76b0147b9759b7bc5b9f81a2",
  "spec/acceptance/base64_spec.rb": "4f2a739188800f899e1153240e75a867",
  "spec/acceptance/bool2num_spec.rb": "325d2956a04ab77a3b936707c7cba83c",
  "spec/acceptance/build_csv.rb": "c02546e9be4117ba6590c40fb535b626",
  "spec/acceptance/capitalize_spec.rb": "1d5bb25195997de3d52576d85b565e65",
  "spec/acceptance/ceiling_spec.rb": "dcdfb99eec26c3cfd9764683cfbcd681",
  "spec/acceptance/chomp_spec.rb": "414bd567e479d78ca79fddcc08597b5f",
  "spec/acceptance/chop_spec.rb": "ec26d4021b7dc6dadb7e052541e53531",
  "spec/acceptance/clamp_spec.rb": "38ef1cd4a69c626b47a36f445399a18c",
  "spec/acceptance/concat_spec.rb": "1e4b3759c686f93c1c50bc32f68a2970",
  "spec/acceptance/count_spec.rb": "af83c60aaa37eecacbdc92edc541f510",
  "spec/acceptance/deep_merge_spec.rb": "de55a20ccadfa53047e7cd6853790869",
  "spec/acceptance/defined_with_params_spec.rb": "b7b26e78d4f651a062c0a44fb72ecbc3",
  "spec/acceptance/delete_at_spec.rb": "0a823f7136e0d9b181498b79fb577db7",
  "spec/acceptance/delete_spec.rb": "fa99091339feb1b41517badb42183c43",
  "spec/acceptance/delete_undef_values_spec.rb": "4cd0e584fb380dd167d27d333a46f98a",
  "spec/acceptance/delete_values_spec.rb": "390bf022a32894538789719d3cb5dd5d",
  "spec/acceptance/deprecation_spec.rb": "3f314359fad958a21390b3bea465d1eb",
  "spec/acceptance/difference_spec.rb": "4cbc7c5d29085c1b53502071ff9a642a",
  "spec/acceptance/dirname_spec.rb": "3124953534921949cfae133c62a8854f",
  "spec/acceptance/downcase_spec.rb": "0dae28c3855010c935f5fc15750f58c9",
  "spec/acceptance/empty_spec.rb": "69209a5a5c03e79a8b8239fdb7564a7e",
  "spec/acceptance/ensure_resource_spec.rb": "421d87e0564a96d7121e9f650fc298db",
  "spec/acceptance/flatten_spec.rb": "5604874984383bbff39ac0c8971f3085",
  "spec/acceptance/floor_spec.rb": "c0bf8a724133dc729736624ac8014a04",
  "spec/acceptance/fqdn_rand_string_spec.rb": "9a2f9f6cb90071e6c4a3c5f4aeceaeec",
  "spec/acceptance/fqdn_rotate_spec.rb": "90526d4da86b4b8dfe5a7c7414a68bed",
  "spec/acceptance/get_module_path_spec.rb": "1f28f79d01e62aea27ac188f8685448c",
  "spec/acceptance/getparam_spec.rb": "85b8f5d43ba5fdf7463d05ecd2be98cf",
  "spec/acceptance/getvar_spec.rb": "30389707dfe05f7e880d0081da6b199f",
  "spec/acceptance/grep_spec.rb": "cc7455b6462216739d68fe60b1f2182c",
  "spec/acceptance/has_interface_with_spec.rb": "7949fda36ab1f09ef0dba0df3e652321",
  "spec/acceptance/has_ip_address_spec.rb": "a0f023a6c279118e267fd1617d7f826c",
  "spec/acceptance/has_ip_network_spec.rb": "d0a903209ac89e4a1676c401e3578ecf",
  "spec/acceptance/has_key_spec.rb": "15d06fdd3b90dafae4e525119defdffb",
  "spec/acceptance/hash_spec.rb": "80df2664feec477338de01971244abe8",
  "spec/acceptance/intersection_spec.rb": "3669973a6867125a6dfe3c62291a9b26",
  "spec/acceptance/is_a_spec.rb": "91a0996c88796f34bcc0786fe6474b3d",
  "spec/acceptance/is_array_spec.rb": "178f20209b2a9b0fff5a4b19f6d357ab",
  "spec/acceptance/is_bool_spec.rb": "c7899b8418827895c7741821afb9ed1c",
  "spec/acceptance/is_domain_name_spec.rb": "65f16ae06c86a84087d3bf0d12e13822",
  "spec/acceptance/is_float_spec.rb": "150c8eded212136c2ebdaf3fe1da58bd",
  "spec/acceptance/is_function_available_spec.rb": "787968e4fde88096bed7196da743b7f5",
  "spec/acceptance/is_hash_spec.rb": "109a16c5d1b179c22e16083896dd909f",
  "spec/acceptance/is_integer_spec.rb": "eeac793b6b324be56320e3aa2d522591",
  "spec/acceptance/is_ip_address_spec.rb": "5a9a283c107b721222745b3319846699",
  "spec/acceptance/is_ipv4_address_spec.rb": "b35350b402102c9a56f4cab2e7f9d637",
  "spec/acceptance/is_ipv6_address_spec.rb": "815e46cffa09b5b4fbd2577f521c4112",
  "spec/acceptance/is_mac_address_spec.rb": "af6eaf2f1b7d4738b9b319c0e21518bd",
  "spec/acceptance/is_numeric_spec.rb": "862ccf7794114c9e6be8aa8579459390",
  "spec/acceptance/is_string_spec.rb": "cf17a7f85d478a85486a1d51cf1ff43b",
  "spec/acceptance/join_keys_to_values_spec.rb": "952b1972871245c3b81d161eddaf0cf5",
  "spec/acceptance/join_spec.rb": "d8452c8e04ba96a76e1c01d7d4bca381",
  "spec/acceptance/keys_spec.rb": "05c9441840cf17600969494befa1c754",
  "spec/acceptance/loadjson_spec.rb": "bff8aead4efa9fb434588f9a05611d2f",
  "spec/acceptance/loadyaml_spec.rb": "d1325c81602d075bfdfc1684adb4555c",
  "spec/acceptance/lstrip_spec.rb": "3cd5ce22a5169c8ffcdb15c80686d07d",
  "spec/acceptance/max_spec.rb": "a45ed58678d647c3b4ec584f35a19678",
  "spec/acceptance/member_spec.rb": "b69098d902c8255ad58de1608b898da2",
  "spec/acceptance/merge_spec.rb": "ea5d379011e4b26ed759218b655fb3ae",
  "spec/acceptance/min_spec.rb": "633c9b4f1efa045c03e98f989b61248c",
  "spec/acceptance/nodesets/centos-7-x64.yml": "a713f3abd3657f0ae2878829badd23cd",
  "spec/acceptance/nodesets/debian-8-x64.yml": "d2d2977900989f30086ad251a14a1f39",
  "spec/acceptance/nodesets/default.yml": "b42da5a1ea0c964567ba7495574b8808",
  "spec/acceptance/nodesets/docker/centos-7.yml": "8a3892807bdd62306ae4774f41ba11ae",
  "spec/acceptance/nodesets/docker/debian-8.yml": "ac8e871d1068c96de5e85a89daaec6df",
  "spec/acceptance/nodesets/docker/ubuntu-14.04.yml": "dc42ee922a96908d85b8f0f08203ce58",
  "spec/acceptance/num2bool_spec.rb": "0fa9912f43d7ae039a02ef2f6a85a7f5",
  "spec/acceptance/parsejson_spec.rb": "73b31b7f5c700008368a7c6fc499c3e0",
  "spec/acceptance/parseyaml_spec.rb": "058551a9e7929e4b96304ea4724d62c5",
  "spec/acceptance/pick_default_spec.rb": "c2f8d2212bc20d14ee4f54255697f346",
  "spec/acceptance/pick_spec.rb": "121e85041360bda45177199e0e65d9ab",
  "spec/acceptance/prefix_spec.rb": "512eb6b6225f915492a48959e53ee488",
  "spec/acceptance/pw_hash_spec.rb": "64f9acb33d8980338215edc65e284204",
  "spec/acceptance/range_spec.rb": "67c4b14ed153c2a3157395935d3f6d86",
  "spec/acceptance/reject_spec.rb": "ac159911f45bd26a36da598053f19047",
  "spec/acceptance/reverse_spec.rb": "57369ac237603436732d5562c5bcfe7a",
  "spec/acceptance/rstrip_spec.rb": "1f3bf4ee8f7dcf8aa6a5386d21552848",
  "spec/acceptance/shuffle_spec.rb": "323ac9f08ef167e216185ab57e507f59",
  "spec/acceptance/size_spec.rb": "a670710119c133a7bb5722e4811693c3",
  "spec/acceptance/sort_spec.rb": "525a8cfa1379d5819745de0757f45c2b",
  "spec/acceptance/squeeze_spec.rb": "7a8285c918172ed071310c1ec817f4b3",
  "spec/acceptance/str2bool_spec.rb": "15279972cc4e6f681659943075158c2e",
  "spec/acceptance/str2saltedsha512_spec.rb": "d427fe7a14b24e8eee0aac5488d6689f",
  "spec/acceptance/strftime_spec.rb": "9418b364f7cecd2ff24ab48b3f157380",
  "spec/acceptance/strip_spec.rb": "a6fdae3794f65342f2f579c29adcabb7",
  "spec/acceptance/suffix_spec.rb": "651b6b42c78b59cf0d2b2b7acca22aa0",
  "spec/acceptance/swapcase_spec.rb": "b6522090043b47dfe79006a61763d3fa",
  "spec/acceptance/time_spec.rb": "a9358f62424190c8680da83f2037effb",
  "spec/acceptance/to_bytes_spec.rb": "f90cbc4cf797d5558e39e297b6046ecc",
  "spec/acceptance/try_get_value_spec.rb": "bc69f3a81ad499d71ea65a6735d23940",
  "spec/acceptance/type3x_spec.rb": "81eb5098ee98bbd333d146a3cecf1f22",
  "spec/acceptance/type_spec.rb": "7f660b97f5c5658e549d66e5308d9891",
  "spec/acceptance/union_spec.rb": "5b95b33a9351e3cab302e906ecea1b03",
  "spec/acceptance/unique_spec.rb": "ed10916d862bcc03df3cf353da23f565",
  "spec/acceptance/upcase_spec.rb": "3f52c03ed89f281941de741752c61be0",
  "spec/acceptance/uriescape_spec.rb": "3f797d8a5ef4c90199c657607e27247e",
  "spec/acceptance/validate_absolute_path_spec.rb": "de2d5ac508650c3d5a496b8aa2426ff0",
  "spec/acceptance/validate_array_spec.rb": "ccbd0333b4dfaefea4e5b29dadf6f7b9",
  "spec/acceptance/validate_augeas_spec.rb": "0fb53ec581b4994cd953de04ac917c14",
  "spec/acceptance/validate_bool_spec.rb": "4de809a02a2b855c2e450d9d0cd79947",
  "spec/acceptance/validate_cmd_spec.rb": "6874d4d569892a81f191748b5a11798a",
  "spec/acceptance/validate_hash_spec.rb": "68fa9c3d3e2c45235cdbcc719c624daf",
  "spec/acceptance/validate_ipv4_address_spec.rb": "735189c0b33e895be86c1926cbfd70e6",
  "spec/acceptance/validate_ipv6_address_spec.rb": "84fa3d17099679a7598f376555eb4bb8",
  "spec/acceptance/validate_re_spec.rb": "3f547e59f3ebbed788346085546fa12e",
  "spec/acceptance/validate_slength_spec.rb": "95651bebb658dc4d7e17d17089c9f7a3",
  "spec/acceptance/validate_string_spec.rb": "ec58a1c5212d20aba9a85e7ffa0785f2",
  "spec/acceptance/values_at_spec.rb": "d904736b35cc719ec29718c63af2b7e8",
  "spec/acceptance/values_spec.rb": "9585e4a67209246be263511050f3b4b6",
  "spec/acceptance/zip_spec.rb": "6d7bddd5f15bc22cb252033b80590d68",
  "spec/fixtures/dscacheutil/root": "e1a7622f55f3d1be258c9a5b16b474be",
  "spec/fixtures/lsuser/root": "2ed657fa157372a81634539bb1a56be8",
  "spec/fixtures/test/manifests/deftype.pp": "1f2e86fa39604fdfde8fd20b9ae92813",
  "spec/fixtures/test/manifests/ensure_resources.pp": "898c473ba5641313294827f4b4845bd6",
  "spec/functions/abs_spec.rb": "eb9982a88e173ed84926afbbda41452e",
  "spec/functions/any2array_spec.rb": "3ada6ddbda41b8681ba4b924ce81d422",
  "spec/functions/any2bool_spec.rb": "903aacf741bdf4f7049cd4ee1d34d673",
  "spec/functions/assert_private_spec.rb": "c4f0ced23534a74d6478fbd7477003e7",
  "spec/functions/base64_spec.rb": "5083c40b825f86863cc2950d97d3807b",
  "spec/functions/basename_spec.rb": "beeae06a6fc449d44352031e4a61e900",
  "spec/functions/bool2num_spec.rb": "bb82d4eed099e97c5af545cdce3445d6",
  "spec/functions/bool2str_spec.rb": "286b56a5bab37d4849e10b7f0f9630ed",
  "spec/functions/camelcase_spec.rb": "1d9ae972915a1c45c8093eda7ea8a1fe",
  "spec/functions/capitalize_spec.rb": "8d7ed6e2c3a338b17a09e6c891c1215c",
  "spec/functions/ceiling_spec.rb": "dbda35bf0b2aaffb87ba533454004569",
  "spec/functions/chomp_spec.rb": "5883602173019b8237aed1624bd40170",
  "spec/functions/chop_spec.rb": "3e293af75bdc7f72655eadcd9920c95f",
  "spec/functions/clamp_spec.rb": "8094bc19ff0fe82dfd0a072b654bf318",
  "spec/functions/concat_spec.rb": "d103f894bdb4a2054b17cb0185a033a1",
  "spec/functions/convert_base_spec.rb": "534bd90106b2c58f736b897974c5a10a",
  "spec/functions/count_spec.rb": "55a6ead532b31f2ccfcc7fb7126e34d7",
  "spec/functions/deep_merge_spec.rb": "134d802b7d39e6523e3a622d2718ec12",
  "spec/functions/defined_with_params_spec.rb": "b24e3fd629b4d52f1abd1b13f715a9a7",
  "spec/functions/delete_at_spec.rb": "2a373b50759ef60b3abc569bca50537c",
  "spec/functions/delete_regex_spec.rb": "5b6cf5e6d94da0d00fd612f4558fc426",
  "spec/functions/delete_spec.rb": "0cee161af26c8dc4165bf0cfea09ce85",
  "spec/functions/delete_undef_values_spec.rb": "00ca6e3d2c838b6b12263268c698e0ce",
  "spec/functions/delete_values_spec.rb": "41003ea949782329513763df34861264",
  "spec/functions/deprecation_spec.rb": "58094a18d86c44c6caf4cf29863880aa",
  "spec/functions/difference_spec.rb": "bb86ac651f85148184a04248e21b3073",
  "spec/functions/dig44_spec.rb": "1d8a681607f745e41499ce87d6ef00f0",
  "spec/functions/dig_spec.rb": "74f65f4c4f237d9bc122abf5fd862b6b",
  "spec/functions/dirname_spec.rb": "39b1fbb7cfd05881e21beaf81b667ec4",
  "spec/functions/dos2unix_spec.rb": "f7f10a39d4d4d42bef7a1bc99d97ea1c",
  "spec/functions/downcase_spec.rb": "2a5970a27352ebee3bae7b28bb4edacb",
  "spec/functions/empty_spec.rb": "056560850a13bb017871a1cd953db62d",
  "spec/functions/ensure_packages_spec.rb": "c19f725196a6aee508c25c9c0e1468f4",
  "spec/functions/ensure_resource_spec.rb": "de9dc96ceefe684e7c785f385136b44a",
  "spec/functions/ensure_resources_spec.rb": "d8e93e55de05ddb1fce5c242ab21b0a7",
  "spec/functions/flatten_spec.rb": "c9446276e2d7c973a6a07ad64e49562f",
  "spec/functions/floor_spec.rb": "68fdcf9ab8596a83ee00b83e52b2889b",
  "spec/functions/fqdn_rand_string_spec.rb": "136cf6e77e02b42d79c0e5766779d5d4",
  "spec/functions/fqdn_rotate_spec.rb": "792ada483512e4d60a3937fd1c8f788f",
  "spec/functions/fqdn_uuid_spec.rb": "60526a453f556867b369496ca1215a86",
  "spec/functions/get_module_path_spec.rb": "99974d4219e7b5916d29209a9b318a32",
  "spec/functions/getparam_spec.rb": "807694642f3ebdfafca4c8f0eca4c062",
  "spec/functions/getvar_spec.rb": "327fc59ca02525d9a6d266957461c32f",
  "spec/functions/glob_spec.rb": "537139a45aa1acfb605aa0cb6b598b73",
  "spec/functions/grep_spec.rb": "c79409710df9272306ac1211668dd85f",
  "spec/functions/has_interface_with_spec.rb": "d484da75727170eb3ff22bbc71394fd1",
  "spec/functions/has_ip_address_spec.rb": "811d63a9c87a1de43a18d07c8ee5a796",
  "spec/functions/has_ip_network_spec.rb": "9ec0c0c607a60d2dde3a66fc969e4478",
  "spec/functions/has_key_spec.rb": "d4d97da7d35a794e72d1bbc5e0a4838f",
  "spec/functions/hash_spec.rb": "cd394a2a67891c1b8d8666d71ee8ede2",
  "spec/functions/intersection_spec.rb": "be5f4ab66e9f8567b93c368acb5dbf7c",
  "spec/functions/is_a_spec.rb": "e657f393cc3572883aa2ab872840f4bf",
  "spec/functions/is_array_spec.rb": "aa5f9f75714c267f1ea0463412f24285",
  "spec/functions/is_bool_spec.rb": "46ed9e2d70f68db12799918d88d2d804",
  "spec/functions/is_domain_name_spec.rb": "0e2cf9c9410827484ee3652591757faf",
  "spec/functions/is_email_address_spec.rb": "f3e60f28e9d66d7707a434a8edc79900",
  "spec/functions/is_float_spec.rb": "a89f4bbc747ce7117c6899d8e5e75e83",
  "spec/functions/is_function_available_spec.rb": "0f46d970fca74c87dbcbbaa588b6dc37",
  "spec/functions/is_hash_spec.rb": "cec4b5638ea3f871350a055cee98ea11",
  "spec/functions/is_integer_spec.rb": "aa78c5487a22744feccc74ad1ad7f211",
  "spec/functions/is_ip_address_spec.rb": "c175629e894671b57ed97f76d7ee495c",
  "spec/functions/is_ipv4_address_spec.rb": "c10a82ce2b0987cba45916f442759d8c",
  "spec/functions/is_ipv6_address_spec.rb": "f33842262d74f6fa6ac459f980938ecf",
  "spec/functions/is_mac_address_spec.rb": "80b7d3346f1b4b487f5f88257fe33bc4",
  "spec/functions/is_numeric_spec.rb": "e3e3c3541c794d74ae1775ca5996e47d",
  "spec/functions/is_string_spec.rb": "1b1fd9c63def53fcb519a04952057aa0",
  "spec/functions/join_keys_to_values_spec.rb": "5b8d4704d1e3aee0a8b9738d1324f7f3",
  "spec/functions/join_spec.rb": "3e5aeaa1d43d94b7ee91333128ee85cc",
  "spec/functions/keys_spec.rb": "72de4563373767837422c5ce2f4c1d0b",
  "spec/functions/length_spec.rb": "2aeb769d6c523476eeb4f338aeb32b71",
  "spec/functions/load_module_metadata_spec.rb": "fcd21ec96196921526179de3fa5de95d",
  "spec/functions/loadjson_spec.rb": "4d24fcd02c823ea02eb56e96b223038e",
  "spec/functions/loadyaml_spec.rb": "b85e7f0425df94bb3356db2e52530d79",
  "spec/functions/lstrip_spec.rb": "7a6e82653fe4087615bb29e4d8818008",
  "spec/functions/max_spec.rb": "e12bc75395d63b5c15c830291d2f8afe",
  "spec/functions/member_spec.rb": "43c3c315d44b793a0da3ed80820d386f",
  "spec/functions/merge_spec.rb": "48761dac5afc99bd381f76f88927cdb0",
  "spec/functions/min_spec.rb": "44df74b50984cc4efedca7ac9adeef91",
  "spec/functions/num2bool_spec.rb": "fe3c3dbec9787622850175db510fe4f0",
  "spec/functions/parsejson_spec.rb": "2f626614bba7f123fc0704878cad731a",
  "spec/functions/parseyaml_spec.rb": "1e41204590f35d1cc127efcbdaa8321f",
  "spec/functions/pick_default_spec.rb": "9c8337fb7dd83df40d01c5977d62b4a7",
  "spec/functions/pick_spec.rb": "856384e60757e1d94ca3aef161be3d0a",
  "spec/functions/prefix_spec.rb": "a4d28e657d42a42e06f7bcaf1bba1c08",
  "spec/functions/private_spec.rb": "bda620341dd44638dc7b0b3c566cd332",
  "spec/functions/pw_hash_spec.rb": "d9bdce271d38ce6ec1d8258e807a7c67",
  "spec/functions/range_spec.rb": "9d38e84765c4fbd8351211741b493b01",
  "spec/functions/regexpescape_spec.rb": "80a497405be58e82e849cfb3784dbfd1",
  "spec/functions/reject_spec.rb": "24c6e7597e73bcef62637cf90d994db9",
  "spec/functions/reverse_spec.rb": "19829abf65a041a74097cfeb8f9e821a",
  "spec/functions/round_spec.rb": "62862ca723b0e2406e1ab278b4b8a7a8",
  "spec/functions/rstrip_spec.rb": "240792c366063a1cf82c51615d3f4316",
  "spec/functions/seeded_rand_spec.rb": "9ff38a91d988c51ef70149bb902e3a83",
  "spec/functions/shell_escape_spec.rb": "513534e47818ce650b343985febedf9e",
  "spec/functions/shell_join_spec.rb": "e47a7b81d864933fa3ed8b03f189019e",
  "spec/functions/shell_split_spec.rb": "ea446ddf08763b98ca794d4aaf9878ee",
  "spec/functions/shuffle_spec.rb": "f0415952345da7d4464512728f35e52f",
  "spec/functions/size_spec.rb": "d3aa74419efba6ec5c4b50ccbd45bf88",
  "spec/functions/sort_spec.rb": "ae131f00aa9ce2a576243f997e0f12b2",
  "spec/functions/sprintf_hash_spec.rb": "1b014e8c0a44b935ec0c045e275ad6b3",
  "spec/functions/squeeze_spec.rb": "3d01142c11d5e7e7e841c23e9a37e458",
  "spec/functions/str2bool_spec.rb": "d099ca74f02ac231f699e59d7a41bafb",
  "spec/functions/str2saltedsha512_spec.rb": "815dfb2f7c65f81769c117129e45bf85",
  "spec/functions/strftime_spec.rb": "e4ff0163ab707966186d7941b0e5f18d",
  "spec/functions/strip_spec.rb": "c439a03137befdff8dd0ef483bf1ef2c",
  "spec/functions/suffix_spec.rb": "dac301a98ed47f85c62293ca968066ff",
  "spec/functions/swapcase_spec.rb": "53e01155bd14271641dc954b02bc06e6",
  "spec/functions/time_spec.rb": "eaf3f48601278bb250659b05022a2a44",
  "spec/functions/to_bytes_spec.rb": "dbc093a1a72429a0a67e784ecabc100a",
  "spec/functions/to_json_pretty_spec.rb": "318892fb8ae3fba91ea3a3f41d563c54",
  "spec/functions/to_json_spec.rb": "e4fbcd70fb3e0b6890337b6eec51f1f0",
  "spec/functions/to_yaml_spec.rb": "b151fd564e9f7e8b35b69c6ae46948e1",
  "spec/functions/try_get_value_spec.rb": "53ab2e553ae441821ad02be3c952a34a",
  "spec/functions/type3x_spec.rb": "cd85e50dda33d32fb90f08eafb29efd7",
  "spec/functions/type_of_spec.rb": "ecfeb9d47e54f5aae421f7855853d47a",
  "spec/functions/type_spec.rb": "3a7a71aed638cacfc3d22573cf66ced6",
  "spec/functions/union_spec.rb": "237517b051eddffd7afc020eeb53c7a1",
  "spec/functions/unique_spec.rb": "27af15518c2bc4f6dc3009d563d25144",
  "spec/functions/unix2dos_spec.rb": "77e6d0e7c703576924981038472c8e4e",
  "spec/functions/upcase_spec.rb": "3eb2544373f1c474b334dd9b37ae4818",
  "spec/functions/uriescape_spec.rb": "b88f0575ba928b4f60635de6db77299c",
  "spec/functions/validate_absolute_path_spec.rb": "09470e989ed56866d380e1fb1e2d81f2",
  "spec/functions/validate_array_spec.rb": "814b2e7f39ed83d5ff0b822c32462a47",
  "spec/functions/validate_augeas_spec.rb": "4bf035ec4548a00d42f73643374d6f58",
  "spec/functions/validate_bool_spec.rb": "0c486955f041d86356d41f86ea0c6bd4",
  "spec/functions/validate_cmd_spec.rb": "179e570e9aec94c5dcaf337a6b431d20",
  "spec/functions/validate_domain_name_spec.rb": "611f3b301003d11a6a55e293dc3a8e5c",
  "spec/functions/validate_email_address_spec.rb": "8bac32b793f1e4264ae32df975d4d893",
  "spec/functions/validate_hash_spec.rb": "09e78289eac14bdc3389620a4dfc3c8d",
  "spec/functions/validate_integer_spec.rb": "a82914e1813c10b0ffa432ccf44ef781",
  "spec/functions/validate_ip_address_spec.rb": "fe5c58a23295a00c55637ee3dcb6470f",
  "spec/functions/validate_ipv4_address_spec.rb": "b8b6ff3ab6dc9360635f6b3a4d2aaaec",
  "spec/functions/validate_ipv6_address_spec.rb": "1ebc18a929b989eb4591260a75edb5de",
  "spec/functions/validate_legacy_spec.rb": "2d93df10c72ec5dde1e6618c02e78d40",
  "spec/functions/validate_numeric_spec.rb": "ace0a1f0d69c78ced85a02900e6d0f73",
  "spec/functions/validate_re_spec.rb": "19e0f2589d5a48559efa61cfe308ef1b",
  "spec/functions/validate_slength_spec.rb": "d0e2b4c6ca7050a39f02c1a3005dcb5f",
  "spec/functions/validate_string_spec.rb": "7591075ba74d9d69145497ff0ba040ff",
  "spec/functions/validate_x509_rsa_key_pair_spec.rb": "8c468e71546031f8117b38382128d3df",
  "spec/functions/values_at_spec.rb": "a434a3361626dfcab7adfc92a5a1ea4e",
  "spec/functions/values_spec.rb": "c57de9582664ead57c5bd7ea2e10120a",
  "spec/functions/zip_spec.rb": "163a0f62553252a8ef8adc9fc44a3568",
  "spec/monkey_patches/alias_should_to_must.rb": "f600592b4735dc33b31b32a2feb16e2d",
  "spec/monkey_patches/publicize_methods.rb": "87e62e90546d9f4de8ea11985bc9b8b4",
  "spec/spec_helper.rb": "4441943d097cce7fef56e528d16de72b",
  "spec/spec_helper_acceptance.rb": "0467e585d269c0909286c3ced0f9c936",
  "spec/spec_helper_local.rb": "5644c5ce611a9e131cf37106e2a8b841",
  "spec/support/shared_data.rb": "dfe4cbdbe2833d670a89bcdf3163839b",
  "spec/type_aliases/absolute_path_spec.rb": "5bdfe834183c06b06a406ac4c8a20622",
  "spec/type_aliases/array_spec.rb": "5a7a5be96ccb1347a5a806ef436064e6",
  "spec/type_aliases/bool_spec.rb": "798d1fb0b43cdc7c560ba8b61fb742e6",
  "spec/type_aliases/filemode_spec.rb": "81b7a8687b9bcf1ddaf5667d95498f19",
  "spec/type_aliases/float_spec.rb": "e566885fdf22399a54450022bfbfd31a",
  "spec/type_aliases/hash_spec.rb": "1b8c49a76db8b5ef44f0f0a8e56c5eb3",
  "spec/type_aliases/httpsurl_spec.rb": "a0aff170decf6659dd5d253f06459ae0",
  "spec/type_aliases/httpurl_spec.rb": "64e610fd2369f9579d72879ea80634f9",
  "spec/type_aliases/integer_spec.rb": "8f66ae64602543d65e4b784527bf1463",
  "spec/type_aliases/ip_address.rb": "38d195abd954a3b00a71ab372f2b0994",
  "spec/type_aliases/ipv4_spec.rb": "d091b3dcd1fc3a30fe080d9b53a69014",
  "spec/type_aliases/ipv6_spec.rb": "29dff1fb03ee9bc496a3d69e7967283a",
  "spec/type_aliases/numeric_spec.rb": "06ae28964dfad6ca60ac59468c33104b",
  "spec/type_aliases/string_spec.rb": "458ac453f5870066824b6a11ec49f9ae",
  "spec/type_aliases/unixpath_spec.rb": "015ad5050bcbe3b9b633e13525412e48",
  "spec/type_aliases/windowspath_spec.rb": "946275f885194c3f2fde07b66aa46f4a",
  "spec/unit/facter/facter_dot_d_spec.rb": "5819f8f97ea8f3211e28227b3271ad53",
  "spec/unit/facter/package_provider_spec.rb": "cb3d03dd5e08b5a0dcae043e41b8af14",
  "spec/unit/facter/pe_version_spec.rb": "fb8e7c13a12d391b3d811c5302c9af1f",
  "spec/unit/facter/root_home_spec.rb": "11a86d91c351d57ac745b209c0442638",
  "spec/unit/facter/service_provider_spec.rb": "b4ec340d284a976ec6d455788487246b",
  "spec/unit/facter/util/puppet_settings_spec.rb": "6aa4f5900c1a3e222a525c6bf49dabfe",
  "spec/unit/puppet/parser/functions/enclose_ipv6_spec.rb": "c3b06fe8166b5caec3561412e834e047",
  "spec/unit/puppet/parser/functions/is_absolute_path_spec.rb": "258f55b8c9563bad0aaa9e98df4d6fc6",
  "spec/unit/puppet/provider/file_line/ruby_spec.rb": "edc07d6d00266f2cd38a3063fc353f2c",
  "spec/unit/puppet/provider/file_line/ruby_spec_alter.rb": "2e6032fe1010bb93e4c700c037d6ab0d",
  "spec/unit/puppet/provider/file_line/ruby_spec_use_cases.rb": "a37b003841a30386ef4b11aba52b54f8",
  "spec/unit/puppet/type/anchor_spec.rb": "e9370e22ce9d724e39fb00fe6c1198f5",
  "spec/unit/puppet/type/file_line_spec.rb": "6b96ed2207eb72facfa339020ba62e7d",
  "types/absolutepath.pp": "3ae6f48dd95835df87c5dacea13c88d2",
  "types/compat/absolute_path.pp": "c500d00e471fa7684abce8c67e2a0a3e",
  "types/compat/array.pp": "43c41022dd743d55c8e9e82ce3ed741c",
  "types/compat/bool.pp": "6e0cd7b2a7e1b9efaa0e273937211e58",
  "types/compat/float.pp": "fd134a0e0e1abd420cec2107780a7afa",
  "types/compat/hash.pp": "3535d98f0f3eaec44d443190f258e9ba",
  "types/compat/integer.pp": "d73ad743def0a4e754cbf2e82d5c6b5d",
  "types/compat/ip_address.pp": "d42c7435de30a469a71b69c45d642da7",
  "types/compat/ipv4.pp": "962713ea8483c01f2188f87fac1fefa8",
  "types/compat/ipv6.pp": "bc2c5d46bb49c5180c70c64a8a9ee6ea",
  "types/compat/numeric.pp": "b9543932cda152dfc2cb7fb554a307f7",
  "types/compat/re.pp": "70b05d4697e61f9af0c212ba063f395d",
  "types/compat/string.pp": "b9a179664c85e121aa0277021627d126",
  "types/ensure/service.pp": "efa28f903420bb9555910c27a9b810e8",
  "types/filemode.pp": "1776107a2f48cb22131e61f4aaf93750",
  "types/httpsurl.pp": "108225d0273e17d541b239882287ed15",
  "types/httpurl.pp": "4ba64825b11af75997c59b5acf07c62d",
  "types/mac.pp": "b6b9a7148111578052bdb34e7ef0ce19",
  "types/unixpath.pp": "9dc5ca9554a7f5f67b4b9f172f2d4d4e",
  "types/windowspath.pp": "4c1eda331ecb43de98c29ed22d0ad448"
}