{
  "name": "puppetlabs-stdlib",
  "version": "4.24.0",
  "author": "puppetlabs",
  "summary": "Standard library of resources for Puppet modules.",
  "license": "Apache-2.0",
  "source": "https://github.com/puppetlabs/puppetlabs-stdlib",
  "project_page": "https://github.com/puppetlabs/puppetlabs-stdlib",
  "issues_url": "https://tickets.puppetlabs.com/browse/MODULES",
  "dependencies": [
  
  ],
  "data_provider": null,
  "operatingsystem_support": [
    {
      "operatingsystem": "RedHat",
      "operatingsystemrelease": [
        "5",
        "6",
        "7"
      ]
    },
    {
      "operatingsystem": "CentOS",
      "operatingsystemrelease": [
        "5",
        "6",
        "7"
      ]
    },
    {
      "operatingsystem": "OracleLinux",
      "operatingsystemrelease": [
        "5",
        "6",
        "7"
      ]
    },
    {
      "operatingsystem": "Scientific",
      "operatingsystemrelease": [
        "5",
        "6",
        "7"
      ]
    },
    {
      "operatingsystem": "SLES",
      "operatingsystemrelease": [
        "11 SP1",
        "12"
      ]
    },
    {
      "operatingsystem": "Debian",
      "operatingsystemrelease": [
        "7",
        "8",
        "9"
      ]
    },
    {
      "operatingsystem": "Ubuntu",
      "operatingsystemrelease": [
        "14.04",
        "16.04"
      ]
    },
    {
      "operatingsystem": "Solaris",
      "operatingsystemrelease": [
        "10",
        "11"
      ]
    },
    {
      "operatingsystem": "Windows",
      "operatingsystemrelease": [
        "Server 2008",
        "Server 2008 R2",
        "Server 2012",
        "Server 2012 R2",
        "7"
      ]
    },
    {
      "operatingsystem": "AIX",
      "operatingsystemrelease": [
        "5.3",
        "6.1",
        "7.1"
      ]
    }
  ],
  "requirements": [
    {
      "name": "puppet",
      "version_requirement": ">=2.7.20 < 6.0.0"
    }
  ],
  "description": "Standard Library for Puppet Modules"
}
